,city_state,link
0,"Akron, OH",https://www.freshnlean.com/locations/akron-meal-delivery/
1,"Albany, NY",https://www.freshnlean.com/locations/albany-meal-delivery/
2,"Albuquerque, NM",https://www.freshnlean.com/locations/albuquerque-healthy-meal-delivery/
3,"Allentown, PA",https://www.freshnlean.com/locations/allentown-meal-delivery/
4,"Amarillo, TX",https://www.freshnlean.com/locations/amarillo-meal-delivery/
5,"Anaheim, CA",https://www.freshnlean.com/locations/anaheim-meal-delivery/
6,"Anchorage, AK",https://www.freshnlean.com/locations/anchorage-meal-delivery/
7,"Appleton, WI",https://www.freshnlean.com/locations/appleton-meal-delivery/
8,"Arlington, TX",https://www.freshnlean.com/locations/arlington-meal-delivery/
9,"Asheville, NC",https://www.freshnlean.com/locations/asheville-meal-delivery/
10,"Atlanta, GA",https://www.freshnlean.com/locations/atlanta-food-delivery/
11,"Augusta, GA",https://www.freshnlean.com/locations/augusta-meal-delivery/
12,"Aurora, IL",https://www.freshnlean.com/locations/aurora-meal-delivery/
13,"Austin, TX",https://www.freshnlean.com/locations/austin-meal-delivery/
14,"Bakersfield, CA",https://www.freshnlean.com/locations/bakersfield-meal-delivery/
15,"Baltimore, MD",https://www.freshnlean.com/locations/baltimore-meal-delivery/
16,"Baton Rouge, LA",https://www.freshnlean.com/locations/baton-rouge-meal-delivery/
17,"Birmingham, AL",https://www.freshnlean.com/locations/birmingham-meal-delivery/
18,"Boise, ID",https://www.freshnlean.com/locations/boise-meal-delivery/
19,"Boston, MA",https://www.freshnlean.com/locations/boston-healthy-meal-delivery/
20,"Brownsville, TX",https://www.freshnlean.com/locations/brownsville-meal-delivery/
21,"Buffalo, NY",https://www.freshnlean.com/locations/buffalo-meal-delivery/
22,"Charleston, SC",https://www.freshnlean.com/locations/charleston-vegan-meal-delivery/
23,"Charlotte, NC",https://www.freshnlean.com/locations/charlotte-meal-delivery/
24,"Chattanooga, TN",https://www.freshnlean.com/locations/chattanooga-meal-delivery/
25,"Chicago, IL",https://www.freshnlean.com/locations/chicago-meal-delivery/
26,"Cincinnati, OH",https://www.freshnlean.com/locations/cincinnati-meal-delivery/
27,"Cleveland, OH",https://www.freshnlean.com/locations/cleveland-meal-delivery/
28,"Colorado Springs, CO",https://www.freshnlean.com/locations/colorado-springs-vegan-meal-delivery/
29,"Columbia, SC",https://www.freshnlean.com/locations/columbia-vegan-meal-delivery/
30,"Columbus, OH",https://www.freshnlean.com/locations/columbus-healthy-meal-delivery/
31,"Corpus Christi, TX",https://www.freshnlean.com/locations/corpus-christi-meal-delivery/
32,"Dallas, TX",https://www.freshnlean.com/locations/dallas-meal-delivery/
33,"Dayton, OH",https://www.freshnlean.com/locations/dayton-meal-delivery/
34,"Denver, CO",https://www.freshnlean.com/locations/denver-healthy-meal-delivery/
35,"Des Moines, IA",https://www.freshnlean.com/locations/des-moines-meal-delivery/
36,"Detroit, MI",https://www.freshnlean.com/locations/detroit-meal-delivery/
37,"Durham, NC",https://www.freshnlean.com/locations/durham-meal-delivery/
38,"El Paso, TX",https://www.freshnlean.com/locations/el-paso-meal-delivery/
39,"Fayetteville, NC",https://www.freshnlean.com/locations/fayetteville-meal-delivery/
40,"Fort Collins, CO",https://www.freshnlean.com/locations/fort-collins-vegan-meal-delivery/
41,"Fort Lauderdale, FL",https://www.freshnlean.com/locations/fort-lauderdale-meal-delivery/
42,"Fort Worth, TX",https://www.freshnlean.com/locations/fort-worth-meal-delivery/
43,"Fresno, CA",https://www.freshnlean.com/locations/fresno-meal-delivery/
44,"Grand Rapids, MI",https://www.freshnlean.com/locations/grand-rapids-meal-delivery/
45,"Greensboro, NC",https://www.freshnlean.com/locations/greensboro-meal-delivery/
46,"Honolulu, HI",https://www.freshnlean.com/locations/honolulu-meal-delivery/
47,"Houston, TX",https://www.freshnlean.com/locations/houston-healthy-meal-delivery/
48,"Huntington Beach, CA",https://www.freshnlean.com/locations/huntington-beach-meal-delivery/
49,"Huntsville, AL",https://www.freshnlean.com/locations/huntsville-meal-delivery/
50,"Indianapolis, IN",https://www.freshnlean.com/locations/indianapolis-meal-delivery/
51,"Irvine, CA",https://www.freshnlean.com/locations/irvine-meal-delivery/
52,"Jackson, MS",https://www.freshnlean.com/locations/jackson-meal-delivery/
53,"Jacksonville, FL",https://www.freshnlean.com/locations/jacksonville-meal-delivery/
54,"Jersey City, NJ",https://www.freshnlean.com/locations/jersey-city-meal-delivery/
55,"Kansas City, MO",https://www.freshnlean.com/locations/kansas-city-meal-delivery/
56,"Knoxville, TN",https://www.freshnlean.com/locations/knoxville-meal-delivery/
57,"Las Vegas, NV",https://www.freshnlean.com/locations/las-vegas-meal-delivery/
58,"Lexington, KY",https://www.freshnlean.com/locations/lexington-meal-delivery/
59,"Little Rock, AR",https://www.freshnlean.com/locations/little-rock-meal-delivery/
60,"Long Beach, CA",https://www.freshnlean.com/locations/long-beach-meal-delivery/
61,"Los Angeles, CA",https://www.freshnlean.com/locations/los-angeles-healthy-meal-delivery/
62,"Louisville, KY",https://www.freshnlean.com/locations/louisville-meal-delivery/
63,"Lubbock, TX",https://www.freshnlean.com/locations/lubbock-meal-delivery/
64,"Madison, WI",https://www.freshnlean.com/locations/madison-meal-delivery/
65,"Memphis, TN",https://www.freshnlean.com/locations/memphis-healthy-meal-delivery/
66,"Miami, FL",https://www.freshnlean.com/locations/miami-meal-delivery/
67,"Milwaukee, WI",https://www.freshnlean.com/locations/milwaukee-meal-delivery/
68,"Minneapolis, MN",https://www.freshnlean.com/locations/minneapolis-meal-delivery/
69,"Modesto, CA",https://www.freshnlean.com/locations/modesto-meal-delivery/
70,"Nashville, TN",https://www.freshnlean.com/locations/nashville-healthy-meal-delivery/
71,"New Orleans, LA",https://www.freshnlean.com/locations/new-orleans-meal-delivery/
72,"New York, NY",https://www.freshnlean.com/locations/new-york-diet-meal-delivery/
73,"Newport News, VA",https://www.freshnlean.com/locations/newport-news-meal-delivery/
74,"Oakland, CA",https://www.freshnlean.com/locations/oakland-meal-delivery/
75,"Oceanside, CA",https://www.freshnlean.com/locations/oceanside-meal-delivery/
76,"Oklahoma City, OK",https://www.freshnlean.com/locations/oklahoma-city-meal-delivery/
77,"Omaha, NE",https://www.freshnlean.com/locations/omaha-meal-delivery/
78,"Orlando, FL",https://www.freshnlean.com/locations/orlando-meal-delivery/
79,"Overland Park, KS",https://www.freshnlean.com/locations/overland-park-meal-delivery/
80,"Oxnard, CA",https://www.freshnlean.com/locations/oxnard-meal-delivery/
81,"Philadelphia, PA",https://www.freshnlean.com/locations/philadelphia-meal-delivery/
82,"Phoenix, AZ",https://www.freshnlean.com/locations/phoenix-meal-delivery/
83,"Pittsburgh, PA",https://www.freshnlean.com/locations/pittsburgh-meal-delivery/
84,"Portland, OR",https://www.freshnlean.com/locations/portland-meal-delivery/
85,"Providence, RI",https://www.freshnlean.com/locations/providence-meal-delivery/
86,"Raleigh, NC",https://www.freshnlean.com/locations/raleigh-meal-delivery/
87,"Rancho Cucamonga, CA",https://www.freshnlean.com/locations/rancho-cucamonga-meal-delivery/
88,"Reno, NV",https://www.freshnlean.com/locations/reno-meal-delivery/
89,"Richmond, VA",https://www.freshnlean.com/locations/richmond-meal-delivery/
90,"Riverside, CA",https://www.freshnlean.com/locations/riverside-meal-delivery/
91,"Rochester, NY",https://www.freshnlean.com/locations/rochester-meal-delivery/
92,"Sacramento, CA",https://www.freshnlean.com/locations/sacramento-meal-delivery/
93,"Salt Lake City, UT",https://www.freshnlean.com/locations/salt-lake-city-meal-delivery/
94,"San Antonio, TX",https://www.freshnlean.com/locations/san-antonio-meal-delivery/
95,"San Diego, CA",https://www.freshnlean.com/locations/san-diego-healthy-meal-delivery/
96,"San Francisco, CA",https://www.freshnlean.com/locations/san-francisco-meal-delivery/
97,"San Jose, CA",https://www.freshnlean.com/locations/san-jose-meal-delivery/
98,"Santa Clarita, CA",https://www.freshnlean.com/locations/santa-clarita-meal-delivery/
99,"Santa Rosa, CA",https://www.freshnlean.com/locations/santa-rosa-meal-delivery/
100,"Scottsdale, AZ",https://www.freshnlean.com/locations/scottsdale-meal-delivery/
101,"Seattle, WA",https://www.freshnlean.com/locations/seattle-healthy-meal-delivery/
102,"Spokane, WA",https://www.freshnlean.com/locations/spokane-meal-delivery/
103,"St. Louis, MO",https://www.freshnlean.com/locations/st-louis-meal-delivery/
104,"Stockton, CA",https://www.freshnlean.com/locations/stockton-meal-delivery/
105,"Tacoma, WA",https://www.freshnlean.com/locations/tacoma-meal-delivery/
106,"Tallahassee, FL",https://www.freshnlean.com/locations/tallahassee-meal-delivery/
107,"Tampa, FL",https://www.freshnlean.com/locations/tampa-meal-delivery/
108,"Tucson, AZ",https://www.freshnlean.com/locations/tucson-meal-delivery/
109,"Tulsa, OK",https://www.freshnlean.com/locations/tulsa-meal-delivery/
110,"Virginia Beach, VA",https://www.freshnlean.com/locations/virginia-beach-meal-delivery/
111,"Washington, D.C.",https://www.freshnlean.com/locations/washington-dc-meal-delivery/
112,"Wichita, KS",https://www.freshnlean.com/locations/wichita-meal-delivery/
113,"Worcester, MA",https://www.freshnlean.com/locations/worcester-meal-delivery/
114,"Akron, OH",https://www.freshnlean.com/locations/akron-meal-delivery/
115,"Albany, NY",https://www.freshnlean.com/locations/albany-meal-delivery/
116,"Albuquerque, NM",https://www.freshnlean.com/locations/albuquerque-healthy-meal-delivery/
117,"Allentown, PA",https://www.freshnlean.com/locations/allentown-meal-delivery/
118,"Amarillo, TX",https://www.freshnlean.com/locations/amarillo-meal-delivery/
119,"Anaheim, CA",https://www.freshnlean.com/locations/anaheim-meal-delivery/
120,"Anchorage, AK",https://www.freshnlean.com/locations/anchorage-meal-delivery/
121,"Appleton, WI",https://www.freshnlean.com/locations/appleton-meal-delivery/
122,"Arlington, TX",https://www.freshnlean.com/locations/arlington-meal-delivery/
123,"Asheville, NC",https://www.freshnlean.com/locations/asheville-meal-delivery/
124,"Atlanta, GA",https://www.freshnlean.com/locations/atlanta-food-delivery/
125,"Augusta, GA",https://www.freshnlean.com/locations/augusta-meal-delivery/
126,"Aurora, IL",https://www.freshnlean.com/locations/aurora-meal-delivery/
127,"Austin, TX",https://www.freshnlean.com/locations/austin-meal-delivery/
128,"Bakersfield, CA",https://www.freshnlean.com/locations/bakersfield-meal-delivery/
129,"Baltimore, MD",https://www.freshnlean.com/locations/baltimore-meal-delivery/
130,"Baton Rouge, LA",https://www.freshnlean.com/locations/baton-rouge-meal-delivery/
131,"Birmingham, AL",https://www.freshnlean.com/locations/birmingham-meal-delivery/
132,"Boise, ID",https://www.freshnlean.com/locations/boise-meal-delivery/
133,"Boston, MA",https://www.freshnlean.com/locations/boston-healthy-meal-delivery/
134,"Brownsville, TX",https://www.freshnlean.com/locations/brownsville-meal-delivery/
135,"Buffalo, NY",https://www.freshnlean.com/locations/buffalo-meal-delivery/
136,"Charleston, SC",https://www.freshnlean.com/locations/charleston-vegan-meal-delivery/
137,"Charlotte, NC",https://www.freshnlean.com/locations/charlotte-meal-delivery/
138,"Chattanooga, TN",https://www.freshnlean.com/locations/chattanooga-meal-delivery/
139,"Chicago, IL",https://www.freshnlean.com/locations/chicago-meal-delivery/
140,"Cincinnati, OH",https://www.freshnlean.com/locations/cincinnati-meal-delivery/
141,"Cleveland, OH",https://www.freshnlean.com/locations/cleveland-meal-delivery/
142,"Colorado Springs, CO",https://www.freshnlean.com/locations/colorado-springs-vegan-meal-delivery/
143,"Columbia, SC",https://www.freshnlean.com/locations/columbia-vegan-meal-delivery/
144,"Columbus, OH",https://www.freshnlean.com/locations/columbus-healthy-meal-delivery/
145,"Corpus Christi, TX",https://www.freshnlean.com/locations/corpus-christi-meal-delivery/
146,"Dallas, TX",https://www.freshnlean.com/locations/dallas-meal-delivery/
147,"Dayton, OH",https://www.freshnlean.com/locations/dayton-meal-delivery/
148,"Denver, CO",https://www.freshnlean.com/locations/denver-healthy-meal-delivery/
149,"Des Moines, IA",https://www.freshnlean.com/locations/des-moines-meal-delivery/
150,"Detroit, MI",https://www.freshnlean.com/locations/detroit-meal-delivery/
151,"Durham, NC",https://www.freshnlean.com/locations/durham-meal-delivery/
152,"El Paso, TX",https://www.freshnlean.com/locations/el-paso-meal-delivery/
153,"Fayetteville, NC",https://www.freshnlean.com/locations/fayetteville-meal-delivery/
154,"Fort Collins, CO",https://www.freshnlean.com/locations/fort-collins-vegan-meal-delivery/
155,"Fort Lauderdale, FL",https://www.freshnlean.com/locations/fort-lauderdale-meal-delivery/
156,"Fort Worth, TX",https://www.freshnlean.com/locations/fort-worth-meal-delivery/
157,"Fresno, CA",https://www.freshnlean.com/locations/fresno-meal-delivery/
158,"Grand Rapids, MI",https://www.freshnlean.com/locations/grand-rapids-meal-delivery/
159,"Greensboro, NC",https://www.freshnlean.com/locations/greensboro-meal-delivery/
160,"Honolulu, HI",https://www.freshnlean.com/locations/honolulu-meal-delivery/
161,"Houston, TX",https://www.freshnlean.com/locations/houston-healthy-meal-delivery/
162,"Huntington Beach, CA",https://www.freshnlean.com/locations/huntington-beach-meal-delivery/
163,"Huntsville, AL",https://www.freshnlean.com/locations/huntsville-meal-delivery/
164,"Indianapolis, IN",https://www.freshnlean.com/locations/indianapolis-meal-delivery/
165,"Irvine, CA",https://www.freshnlean.com/locations/irvine-meal-delivery/
166,"Jackson, MS",https://www.freshnlean.com/locations/jackson-meal-delivery/
167,"Jacksonville, FL",https://www.freshnlean.com/locations/jacksonville-meal-delivery/
168,"Jersey City, NJ",https://www.freshnlean.com/locations/jersey-city-meal-delivery/
169,"Kansas City, MO",https://www.freshnlean.com/locations/kansas-city-meal-delivery/
170,"Knoxville, TN",https://www.freshnlean.com/locations/knoxville-meal-delivery/
171,"Las Vegas, NV",https://www.freshnlean.com/locations/las-vegas-meal-delivery/
172,"Lexington, KY",https://www.freshnlean.com/locations/lexington-meal-delivery/
173,"Little Rock, AR",https://www.freshnlean.com/locations/little-rock-meal-delivery/
174,"Long Beach, CA",https://www.freshnlean.com/locations/long-beach-meal-delivery/
175,"Los Angeles, CA",https://www.freshnlean.com/locations/los-angeles-healthy-meal-delivery/
176,"Louisville, KY",https://www.freshnlean.com/locations/louisville-meal-delivery/
177,"Lubbock, TX",https://www.freshnlean.com/locations/lubbock-meal-delivery/
178,"Madison, WI",https://www.freshnlean.com/locations/madison-meal-delivery/
179,"Memphis, TN",https://www.freshnlean.com/locations/memphis-healthy-meal-delivery/
180,"Miami, FL",https://www.freshnlean.com/locations/miami-meal-delivery/
181,"Milwaukee, WI",https://www.freshnlean.com/locations/milwaukee-meal-delivery/
182,"Minneapolis, MN",https://www.freshnlean.com/locations/minneapolis-meal-delivery/
183,"Modesto, CA",https://www.freshnlean.com/locations/modesto-meal-delivery/
184,"Nashville, TN",https://www.freshnlean.com/locations/nashville-healthy-meal-delivery/
185,"New Orleans, LA",https://www.freshnlean.com/locations/new-orleans-meal-delivery/
186,"New York, NY",https://www.freshnlean.com/locations/new-york-diet-meal-delivery/
187,"Newport News, VA",https://www.freshnlean.com/locations/newport-news-meal-delivery/
188,"Oakland, CA",https://www.freshnlean.com/locations/oakland-meal-delivery/
189,"Oceanside, CA",https://www.freshnlean.com/locations/oceanside-meal-delivery/
190,"Oklahoma City, OK",https://www.freshnlean.com/locations/oklahoma-city-meal-delivery/
191,"Omaha, NE",https://www.freshnlean.com/locations/omaha-meal-delivery/
192,"Orlando, FL",https://www.freshnlean.com/locations/orlando-meal-delivery/
193,"Overland Park, KS",https://www.freshnlean.com/locations/overland-park-meal-delivery/
194,"Oxnard, CA",https://www.freshnlean.com/locations/oxnard-meal-delivery/
195,"Philadelphia, PA",https://www.freshnlean.com/locations/philadelphia-meal-delivery/
196,"Phoenix, AZ",https://www.freshnlean.com/locations/phoenix-meal-delivery/
197,"Pittsburgh, PA",https://www.freshnlean.com/locations/pittsburgh-meal-delivery/
198,"Portland, OR",https://www.freshnlean.com/locations/portland-meal-delivery/
199,"Providence, RI",https://www.freshnlean.com/locations/providence-meal-delivery/
200,"Raleigh, NC",https://www.freshnlean.com/locations/raleigh-meal-delivery/
201,"Rancho Cucamonga, CA",https://www.freshnlean.com/locations/rancho-cucamonga-meal-delivery/
202,"Reno, NV",https://www.freshnlean.com/locations/reno-meal-delivery/
203,"Richmond, VA",https://www.freshnlean.com/locations/richmond-meal-delivery/
204,"Riverside, CA",https://www.freshnlean.com/locations/riverside-meal-delivery/
205,"Rochester, NY",https://www.freshnlean.com/locations/rochester-meal-delivery/
206,"Sacramento, CA",https://www.freshnlean.com/locations/sacramento-meal-delivery/
207,"Salt Lake City, UT",https://www.freshnlean.com/locations/salt-lake-city-meal-delivery/
208,"San Antonio, TX",https://www.freshnlean.com/locations/san-antonio-meal-delivery/
209,"San Diego, CA",https://www.freshnlean.com/locations/san-diego-healthy-meal-delivery/
210,"San Francisco, CA",https://www.freshnlean.com/locations/san-francisco-meal-delivery/
211,"San Jose, CA",https://www.freshnlean.com/locations/san-jose-meal-delivery/
212,"Santa Clarita, CA",https://www.freshnlean.com/locations/santa-clarita-meal-delivery/
213,"Santa Rosa, CA",https://www.freshnlean.com/locations/santa-rosa-meal-delivery/
214,"Scottsdale, AZ",https://www.freshnlean.com/locations/scottsdale-meal-delivery/
215,"Seattle, WA",https://www.freshnlean.com/locations/seattle-healthy-meal-delivery/
216,"Spokane, WA",https://www.freshnlean.com/locations/spokane-meal-delivery/
217,"St. Louis, MO",https://www.freshnlean.com/locations/st-louis-meal-delivery/
218,"Stockton, CA",https://www.freshnlean.com/locations/stockton-meal-delivery/
219,"Tacoma, WA",https://www.freshnlean.com/locations/tacoma-meal-delivery/
220,"Tallahassee, FL",https://www.freshnlean.com/locations/tallahassee-meal-delivery/
221,"Tampa, FL",https://www.freshnlean.com/locations/tampa-meal-delivery/
222,"Tucson, AZ",https://www.freshnlean.com/locations/tucson-meal-delivery/
223,"Tulsa, OK",https://www.freshnlean.com/locations/tulsa-meal-delivery/
224,"Virginia Beach, VA",https://www.freshnlean.com/locations/virginia-beach-meal-delivery/
225,"Washington, D.C.",https://www.freshnlean.com/locations/washington-dc-meal-delivery/
226,"Wichita, KS",https://www.freshnlean.com/locations/wichita-meal-delivery/
227,"Worcester, MA",https://www.freshnlean.com/locations/worcester-meal-delivery/
228,"Akron, OH",https://www.freshnlean.com/locations/akron-meal-delivery/
229,"Albany, NY",https://www.freshnlean.com/locations/albany-meal-delivery/
230,"Albuquerque, NM",https://www.freshnlean.com/locations/albuquerque-healthy-meal-delivery/
231,"Allentown, PA",https://www.freshnlean.com/locations/allentown-meal-delivery/
232,"Amarillo, TX",https://www.freshnlean.com/locations/amarillo-meal-delivery/
233,"Anaheim, CA",https://www.freshnlean.com/locations/anaheim-meal-delivery/
234,"Anchorage, AK",https://www.freshnlean.com/locations/anchorage-meal-delivery/
235,"Appleton, WI",https://www.freshnlean.com/locations/appleton-meal-delivery/
236,"Arlington, TX",https://www.freshnlean.com/locations/arlington-meal-delivery/
237,"Asheville, NC",https://www.freshnlean.com/locations/asheville-meal-delivery/
238,"Atlanta, GA",https://www.freshnlean.com/locations/atlanta-food-delivery/
239,"Augusta, GA",https://www.freshnlean.com/locations/augusta-meal-delivery/
240,"Aurora, IL",https://www.freshnlean.com/locations/aurora-meal-delivery/
241,"Austin, TX",https://www.freshnlean.com/locations/austin-meal-delivery/
242,"Bakersfield, CA",https://www.freshnlean.com/locations/bakersfield-meal-delivery/
243,"Baltimore, MD",https://www.freshnlean.com/locations/baltimore-meal-delivery/
244,"Baton Rouge, LA",https://www.freshnlean.com/locations/baton-rouge-meal-delivery/
245,"Birmingham, AL",https://www.freshnlean.com/locations/birmingham-meal-delivery/
246,"Boise, ID",https://www.freshnlean.com/locations/boise-meal-delivery/
247,"Boston, MA",https://www.freshnlean.com/locations/boston-healthy-meal-delivery/
248,"Brownsville, TX",https://www.freshnlean.com/locations/brownsville-meal-delivery/
249,"Buffalo, NY",https://www.freshnlean.com/locations/buffalo-meal-delivery/
250,"Charleston, SC",https://www.freshnlean.com/locations/charleston-vegan-meal-delivery/
251,"Charlotte, NC",https://www.freshnlean.com/locations/charlotte-meal-delivery/
252,"Chattanooga, TN",https://www.freshnlean.com/locations/chattanooga-meal-delivery/
253,"Chicago, IL",https://www.freshnlean.com/locations/chicago-meal-delivery/
254,"Cincinnati, OH",https://www.freshnlean.com/locations/cincinnati-meal-delivery/
255,"Cleveland, OH",https://www.freshnlean.com/locations/cleveland-meal-delivery/
256,"Colorado Springs, CO",https://www.freshnlean.com/locations/colorado-springs-vegan-meal-delivery/
257,"Columbia, SC",https://www.freshnlean.com/locations/columbia-vegan-meal-delivery/
258,"Columbus, OH",https://www.freshnlean.com/locations/columbus-healthy-meal-delivery/
259,"Corpus Christi, TX",https://www.freshnlean.com/locations/corpus-christi-meal-delivery/
260,"Dallas, TX",https://www.freshnlean.com/locations/dallas-meal-delivery/
261,"Dayton, OH",https://www.freshnlean.com/locations/dayton-meal-delivery/
262,"Denver, CO",https://www.freshnlean.com/locations/denver-healthy-meal-delivery/
263,"Des Moines, IA",https://www.freshnlean.com/locations/des-moines-meal-delivery/
264,"Detroit, MI",https://www.freshnlean.com/locations/detroit-meal-delivery/
265,"Durham, NC",https://www.freshnlean.com/locations/durham-meal-delivery/
266,"El Paso, TX",https://www.freshnlean.com/locations/el-paso-meal-delivery/
267,"Fayetteville, NC",https://www.freshnlean.com/locations/fayetteville-meal-delivery/
268,"Fort Collins, CO",https://www.freshnlean.com/locations/fort-collins-vegan-meal-delivery/
269,"Fort Lauderdale, FL",https://www.freshnlean.com/locations/fort-lauderdale-meal-delivery/
270,"Fort Worth, TX",https://www.freshnlean.com/locations/fort-worth-meal-delivery/
271,"Fresno, CA",https://www.freshnlean.com/locations/fresno-meal-delivery/
272,"Grand Rapids, MI",https://www.freshnlean.com/locations/grand-rapids-meal-delivery/
273,"Greensboro, NC",https://www.freshnlean.com/locations/greensboro-meal-delivery/
274,"Honolulu, HI",https://www.freshnlean.com/locations/honolulu-meal-delivery/
275,"Houston, TX",https://www.freshnlean.com/locations/houston-healthy-meal-delivery/
276,"Huntington Beach, CA",https://www.freshnlean.com/locations/huntington-beach-meal-delivery/
277,"Huntsville, AL",https://www.freshnlean.com/locations/huntsville-meal-delivery/
278,"Indianapolis, IN",https://www.freshnlean.com/locations/indianapolis-meal-delivery/
279,"Irvine, CA",https://www.freshnlean.com/locations/irvine-meal-delivery/
280,"Jackson, MS",https://www.freshnlean.com/locations/jackson-meal-delivery/
281,"Jacksonville, FL",https://www.freshnlean.com/locations/jacksonville-meal-delivery/
282,"Jersey City, NJ",https://www.freshnlean.com/locations/jersey-city-meal-delivery/
283,"Kansas City, MO",https://www.freshnlean.com/locations/kansas-city-meal-delivery/
284,"Knoxville, TN",https://www.freshnlean.com/locations/knoxville-meal-delivery/
285,"Las Vegas, NV",https://www.freshnlean.com/locations/las-vegas-meal-delivery/
286,"Lexington, KY",https://www.freshnlean.com/locations/lexington-meal-delivery/
287,"Little Rock, AR",https://www.freshnlean.com/locations/little-rock-meal-delivery/
288,"Long Beach, CA",https://www.freshnlean.com/locations/long-beach-meal-delivery/
289,"Los Angeles, CA",https://www.freshnlean.com/locations/los-angeles-healthy-meal-delivery/
290,"Louisville, KY",https://www.freshnlean.com/locations/louisville-meal-delivery/
291,"Lubbock, TX",https://www.freshnlean.com/locations/lubbock-meal-delivery/
292,"Madison, WI",https://www.freshnlean.com/locations/madison-meal-delivery/
293,"Memphis, TN",https://www.freshnlean.com/locations/memphis-healthy-meal-delivery/
294,"Miami, FL",https://www.freshnlean.com/locations/miami-meal-delivery/
295,"Milwaukee, WI",https://www.freshnlean.com/locations/milwaukee-meal-delivery/
296,"Minneapolis, MN",https://www.freshnlean.com/locations/minneapolis-meal-delivery/
297,"Modesto, CA",https://www.freshnlean.com/locations/modesto-meal-delivery/
298,"Nashville, TN",https://www.freshnlean.com/locations/nashville-healthy-meal-delivery/
299,"New Orleans, LA",https://www.freshnlean.com/locations/new-orleans-meal-delivery/
300,"New York, NY",https://www.freshnlean.com/locations/new-york-diet-meal-delivery/
301,"Newport News, VA",https://www.freshnlean.com/locations/newport-news-meal-delivery/
302,"Oakland, CA",https://www.freshnlean.com/locations/oakland-meal-delivery/
303,"Oceanside, CA",https://www.freshnlean.com/locations/oceanside-meal-delivery/
304,"Oklahoma City, OK",https://www.freshnlean.com/locations/oklahoma-city-meal-delivery/
305,"Omaha, NE",https://www.freshnlean.com/locations/omaha-meal-delivery/
306,"Orlando, FL",https://www.freshnlean.com/locations/orlando-meal-delivery/
307,"Overland Park, KS",https://www.freshnlean.com/locations/overland-park-meal-delivery/
308,"Oxnard, CA",https://www.freshnlean.com/locations/oxnard-meal-delivery/
309,"Philadelphia, PA",https://www.freshnlean.com/locations/philadelphia-meal-delivery/
310,"Phoenix, AZ",https://www.freshnlean.com/locations/phoenix-meal-delivery/
311,"Pittsburgh, PA",https://www.freshnlean.com/locations/pittsburgh-meal-delivery/
312,"Portland, OR",https://www.freshnlean.com/locations/portland-meal-delivery/
313,"Providence, RI",https://www.freshnlean.com/locations/providence-meal-delivery/
314,"Raleigh, NC",https://www.freshnlean.com/locations/raleigh-meal-delivery/
315,"Rancho Cucamonga, CA",https://www.freshnlean.com/locations/rancho-cucamonga-meal-delivery/
316,"Reno, NV",https://www.freshnlean.com/locations/reno-meal-delivery/
317,"Richmond, VA",https://www.freshnlean.com/locations/richmond-meal-delivery/
318,"Riverside, CA",https://www.freshnlean.com/locations/riverside-meal-delivery/
319,"Rochester, NY",https://www.freshnlean.com/locations/rochester-meal-delivery/
320,"Sacramento, CA",https://www.freshnlean.com/locations/sacramento-meal-delivery/
321,"Salt Lake City, UT",https://www.freshnlean.com/locations/salt-lake-city-meal-delivery/
322,"San Antonio, TX",https://www.freshnlean.com/locations/san-antonio-meal-delivery/
323,"San Diego, CA",https://www.freshnlean.com/locations/san-diego-healthy-meal-delivery/
324,"San Francisco, CA",https://www.freshnlean.com/locations/san-francisco-meal-delivery/
325,"San Jose, CA",https://www.freshnlean.com/locations/san-jose-meal-delivery/
326,"Santa Clarita, CA",https://www.freshnlean.com/locations/santa-clarita-meal-delivery/
327,"Santa Rosa, CA",https://www.freshnlean.com/locations/santa-rosa-meal-delivery/
328,"Scottsdale, AZ",https://www.freshnlean.com/locations/scottsdale-meal-delivery/
329,"Seattle, WA",https://www.freshnlean.com/locations/seattle-healthy-meal-delivery/
330,"Spokane, WA",https://www.freshnlean.com/locations/spokane-meal-delivery/
331,"St. Louis, MO",https://www.freshnlean.com/locations/st-louis-meal-delivery/
332,"Stockton, CA",https://www.freshnlean.com/locations/stockton-meal-delivery/
333,"Tacoma, WA",https://www.freshnlean.com/locations/tacoma-meal-delivery/
334,"Tallahassee, FL",https://www.freshnlean.com/locations/tallahassee-meal-delivery/
335,"Tampa, FL",https://www.freshnlean.com/locations/tampa-meal-delivery/
336,"Tucson, AZ",https://www.freshnlean.com/locations/tucson-meal-delivery/
337,"Tulsa, OK",https://www.freshnlean.com/locations/tulsa-meal-delivery/
338,"Virginia Beach, VA",https://www.freshnlean.com/locations/virginia-beach-meal-delivery/
339,"Washington, D.C.",https://www.freshnlean.com/locations/washington-dc-meal-delivery/
340,"Wichita, KS",https://www.freshnlean.com/locations/wichita-meal-delivery/
341,"Worcester, MA",https://www.freshnlean.com/locations/worcester-meal-delivery/
342,"Akron, OH",https://www.freshnlean.com/locations/akron-meal-delivery/
343,"Albany, NY",https://www.freshnlean.com/locations/albany-meal-delivery/
344,"Albuquerque, NM",https://www.freshnlean.com/locations/albuquerque-healthy-meal-delivery/
345,"Allentown, PA",https://www.freshnlean.com/locations/allentown-meal-delivery/
346,"Amarillo, TX",https://www.freshnlean.com/locations/amarillo-meal-delivery/
347,"Anaheim, CA",https://www.freshnlean.com/locations/anaheim-meal-delivery/
348,"Anchorage, AK",https://www.freshnlean.com/locations/anchorage-meal-delivery/
349,"Appleton, WI",https://www.freshnlean.com/locations/appleton-meal-delivery/
350,"Arlington, TX",https://www.freshnlean.com/locations/arlington-meal-delivery/
351,"Asheville, NC",https://www.freshnlean.com/locations/asheville-meal-delivery/
352,"Atlanta, GA",https://www.freshnlean.com/locations/atlanta-food-delivery/
353,"Augusta, GA",https://www.freshnlean.com/locations/augusta-meal-delivery/
354,"Aurora, IL",https://www.freshnlean.com/locations/aurora-meal-delivery/
355,"Austin, TX",https://www.freshnlean.com/locations/austin-meal-delivery/
356,"Bakersfield, CA",https://www.freshnlean.com/locations/bakersfield-meal-delivery/
357,"Baltimore, MD",https://www.freshnlean.com/locations/baltimore-meal-delivery/
358,"Baton Rouge, LA",https://www.freshnlean.com/locations/baton-rouge-meal-delivery/
359,"Birmingham, AL",https://www.freshnlean.com/locations/birmingham-meal-delivery/
360,"Boise, ID",https://www.freshnlean.com/locations/boise-meal-delivery/
361,"Boston, MA",https://www.freshnlean.com/locations/boston-healthy-meal-delivery/
362,"Brownsville, TX",https://www.freshnlean.com/locations/brownsville-meal-delivery/
363,"Buffalo, NY",https://www.freshnlean.com/locations/buffalo-meal-delivery/
364,"Charleston, SC",https://www.freshnlean.com/locations/charleston-vegan-meal-delivery/
365,"Charlotte, NC",https://www.freshnlean.com/locations/charlotte-meal-delivery/
366,"Chattanooga, TN",https://www.freshnlean.com/locations/chattanooga-meal-delivery/
367,"Chicago, IL",https://www.freshnlean.com/locations/chicago-meal-delivery/
368,"Cincinnati, OH",https://www.freshnlean.com/locations/cincinnati-meal-delivery/
369,"Cleveland, OH",https://www.freshnlean.com/locations/cleveland-meal-delivery/
370,"Colorado Springs, CO",https://www.freshnlean.com/locations/colorado-springs-vegan-meal-delivery/
371,"Columbia, SC",https://www.freshnlean.com/locations/columbia-vegan-meal-delivery/
372,"Columbus, OH",https://www.freshnlean.com/locations/columbus-healthy-meal-delivery/
373,"Corpus Christi, TX",https://www.freshnlean.com/locations/corpus-christi-meal-delivery/
374,"Dallas, TX",https://www.freshnlean.com/locations/dallas-meal-delivery/
375,"Dayton, OH",https://www.freshnlean.com/locations/dayton-meal-delivery/
376,"Denver, CO",https://www.freshnlean.com/locations/denver-healthy-meal-delivery/
377,"Des Moines, IA",https://www.freshnlean.com/locations/des-moines-meal-delivery/
378,"Detroit, MI",https://www.freshnlean.com/locations/detroit-meal-delivery/
379,"Durham, NC",https://www.freshnlean.com/locations/durham-meal-delivery/
380,"El Paso, TX",https://www.freshnlean.com/locations/el-paso-meal-delivery/
381,"Fayetteville, NC",https://www.freshnlean.com/locations/fayetteville-meal-delivery/
382,"Fort Collins, CO",https://www.freshnlean.com/locations/fort-collins-vegan-meal-delivery/
383,"Fort Lauderdale, FL",https://www.freshnlean.com/locations/fort-lauderdale-meal-delivery/
384,"Fort Worth, TX",https://www.freshnlean.com/locations/fort-worth-meal-delivery/
385,"Fresno, CA",https://www.freshnlean.com/locations/fresno-meal-delivery/
386,"Grand Rapids, MI",https://www.freshnlean.com/locations/grand-rapids-meal-delivery/
387,"Greensboro, NC",https://www.freshnlean.com/locations/greensboro-meal-delivery/
388,"Honolulu, HI",https://www.freshnlean.com/locations/honolulu-meal-delivery/
389,"Houston, TX",https://www.freshnlean.com/locations/houston-healthy-meal-delivery/
390,"Huntington Beach, CA",https://www.freshnlean.com/locations/huntington-beach-meal-delivery/
391,"Huntsville, AL",https://www.freshnlean.com/locations/huntsville-meal-delivery/
392,"Indianapolis, IN",https://www.freshnlean.com/locations/indianapolis-meal-delivery/
393,"Irvine, CA",https://www.freshnlean.com/locations/irvine-meal-delivery/
394,"Jackson, MS",https://www.freshnlean.com/locations/jackson-meal-delivery/
395,"Jacksonville, FL",https://www.freshnlean.com/locations/jacksonville-meal-delivery/
396,"Jersey City, NJ",https://www.freshnlean.com/locations/jersey-city-meal-delivery/
397,"Kansas City, MO",https://www.freshnlean.com/locations/kansas-city-meal-delivery/
398,"Knoxville, TN",https://www.freshnlean.com/locations/knoxville-meal-delivery/
399,"Las Vegas, NV",https://www.freshnlean.com/locations/las-vegas-meal-delivery/
400,"Lexington, KY",https://www.freshnlean.com/locations/lexington-meal-delivery/
401,"Little Rock, AR",https://www.freshnlean.com/locations/little-rock-meal-delivery/
402,"Long Beach, CA",https://www.freshnlean.com/locations/long-beach-meal-delivery/
403,"Los Angeles, CA",https://www.freshnlean.com/locations/los-angeles-healthy-meal-delivery/
404,"Louisville, KY",https://www.freshnlean.com/locations/louisville-meal-delivery/
405,"Lubbock, TX",https://www.freshnlean.com/locations/lubbock-meal-delivery/
406,"Madison, WI",https://www.freshnlean.com/locations/madison-meal-delivery/
407,"Memphis, TN",https://www.freshnlean.com/locations/memphis-healthy-meal-delivery/
408,"Miami, FL",https://www.freshnlean.com/locations/miami-meal-delivery/
409,"Milwaukee, WI",https://www.freshnlean.com/locations/milwaukee-meal-delivery/
410,"Minneapolis, MN",https://www.freshnlean.com/locations/minneapolis-meal-delivery/
411,"Modesto, CA",https://www.freshnlean.com/locations/modesto-meal-delivery/
412,"Nashville, TN",https://www.freshnlean.com/locations/nashville-healthy-meal-delivery/
413,"New Orleans, LA",https://www.freshnlean.com/locations/new-orleans-meal-delivery/
414,"New York, NY",https://www.freshnlean.com/locations/new-york-diet-meal-delivery/
415,"Newport News, VA",https://www.freshnlean.com/locations/newport-news-meal-delivery/
416,"Oakland, CA",https://www.freshnlean.com/locations/oakland-meal-delivery/
417,"Oceanside, CA",https://www.freshnlean.com/locations/oceanside-meal-delivery/
418,"Oklahoma City, OK",https://www.freshnlean.com/locations/oklahoma-city-meal-delivery/
419,"Omaha, NE",https://www.freshnlean.com/locations/omaha-meal-delivery/
420,"Orlando, FL",https://www.freshnlean.com/locations/orlando-meal-delivery/
421,"Overland Park, KS",https://www.freshnlean.com/locations/overland-park-meal-delivery/
422,"Oxnard, CA",https://www.freshnlean.com/locations/oxnard-meal-delivery/
423,"Philadelphia, PA",https://www.freshnlean.com/locations/philadelphia-meal-delivery/
424,"Phoenix, AZ",https://www.freshnlean.com/locations/phoenix-meal-delivery/
425,"Pittsburgh, PA",https://www.freshnlean.com/locations/pittsburgh-meal-delivery/
426,"Portland, OR",https://www.freshnlean.com/locations/portland-meal-delivery/
427,"Providence, RI",https://www.freshnlean.com/locations/providence-meal-delivery/
428,"Raleigh, NC",https://www.freshnlean.com/locations/raleigh-meal-delivery/
429,"Rancho Cucamonga, CA",https://www.freshnlean.com/locations/rancho-cucamonga-meal-delivery/
430,"Reno, NV",https://www.freshnlean.com/locations/reno-meal-delivery/
431,"Richmond, VA",https://www.freshnlean.com/locations/richmond-meal-delivery/
432,"Riverside, CA",https://www.freshnlean.com/locations/riverside-meal-delivery/
433,"Rochester, NY",https://www.freshnlean.com/locations/rochester-meal-delivery/
434,"Sacramento, CA",https://www.freshnlean.com/locations/sacramento-meal-delivery/
435,"Salt Lake City, UT",https://www.freshnlean.com/locations/salt-lake-city-meal-delivery/
436,"San Antonio, TX",https://www.freshnlean.com/locations/san-antonio-meal-delivery/
437,"San Diego, CA",https://www.freshnlean.com/locations/san-diego-healthy-meal-delivery/
438,"San Francisco, CA",https://www.freshnlean.com/locations/san-francisco-meal-delivery/
439,"San Jose, CA",https://www.freshnlean.com/locations/san-jose-meal-delivery/
440,"Santa Clarita, CA",https://www.freshnlean.com/locations/santa-clarita-meal-delivery/
441,"Santa Rosa, CA",https://www.freshnlean.com/locations/santa-rosa-meal-delivery/
442,"Scottsdale, AZ",https://www.freshnlean.com/locations/scottsdale-meal-delivery/
443,"Seattle, WA",https://www.freshnlean.com/locations/seattle-healthy-meal-delivery/
444,"Spokane, WA",https://www.freshnlean.com/locations/spokane-meal-delivery/
445,"St. Louis, MO",https://www.freshnlean.com/locations/st-louis-meal-delivery/
446,"Stockton, CA",https://www.freshnlean.com/locations/stockton-meal-delivery/
447,"Tacoma, WA",https://www.freshnlean.com/locations/tacoma-meal-delivery/
448,"Tallahassee, FL",https://www.freshnlean.com/locations/tallahassee-meal-delivery/
449,"Tampa, FL",https://www.freshnlean.com/locations/tampa-meal-delivery/
450,"Tucson, AZ",https://www.freshnlean.com/locations/tucson-meal-delivery/
451,"Tulsa, OK",https://www.freshnlean.com/locations/tulsa-meal-delivery/
452,"Virginia Beach, VA",https://www.freshnlean.com/locations/virginia-beach-meal-delivery/
453,"Washington, D.C.",https://www.freshnlean.com/locations/washington-dc-meal-delivery/
454,"Wichita, KS",https://www.freshnlean.com/locations/wichita-meal-delivery/
455,"Worcester, MA",https://www.freshnlean.com/locations/worcester-meal-delivery/
456,"Akron, OH",https://www.freshnlean.com/locations/akron-meal-delivery/
457,"Albany, NY",https://www.freshnlean.com/locations/albany-meal-delivery/
458,"Albuquerque, NM",https://www.freshnlean.com/locations/albuquerque-healthy-meal-delivery/
459,"Allentown, PA",https://www.freshnlean.com/locations/allentown-meal-delivery/
460,"Amarillo, TX",https://www.freshnlean.com/locations/amarillo-meal-delivery/
461,"Anaheim, CA",https://www.freshnlean.com/locations/anaheim-meal-delivery/
462,"Anchorage, AK",https://www.freshnlean.com/locations/anchorage-meal-delivery/
463,"Appleton, WI",https://www.freshnlean.com/locations/appleton-meal-delivery/
464,"Arlington, TX",https://www.freshnlean.com/locations/arlington-meal-delivery/
465,"Asheville, NC",https://www.freshnlean.com/locations/asheville-meal-delivery/
466,"Atlanta, GA",https://www.freshnlean.com/locations/atlanta-food-delivery/
467,"Augusta, GA",https://www.freshnlean.com/locations/augusta-meal-delivery/
468,"Aurora, IL",https://www.freshnlean.com/locations/aurora-meal-delivery/
469,"Austin, TX",https://www.freshnlean.com/locations/austin-meal-delivery/
470,"Bakersfield, CA",https://www.freshnlean.com/locations/bakersfield-meal-delivery/
471,"Baltimore, MD",https://www.freshnlean.com/locations/baltimore-meal-delivery/
472,"Baton Rouge, LA",https://www.freshnlean.com/locations/baton-rouge-meal-delivery/
473,"Birmingham, AL",https://www.freshnlean.com/locations/birmingham-meal-delivery/
474,"Boise, ID",https://www.freshnlean.com/locations/boise-meal-delivery/
475,"Boston, MA",https://www.freshnlean.com/locations/boston-healthy-meal-delivery/
476,"Brownsville, TX",https://www.freshnlean.com/locations/brownsville-meal-delivery/
477,"Buffalo, NY",https://www.freshnlean.com/locations/buffalo-meal-delivery/
478,"Charleston, SC",https://www.freshnlean.com/locations/charleston-vegan-meal-delivery/
479,"Charlotte, NC",https://www.freshnlean.com/locations/charlotte-meal-delivery/
480,"Chattanooga, TN",https://www.freshnlean.com/locations/chattanooga-meal-delivery/
481,"Chicago, IL",https://www.freshnlean.com/locations/chicago-meal-delivery/
482,"Cincinnati, OH",https://www.freshnlean.com/locations/cincinnati-meal-delivery/
483,"Cleveland, OH",https://www.freshnlean.com/locations/cleveland-meal-delivery/
484,"Colorado Springs, CO",https://www.freshnlean.com/locations/colorado-springs-vegan-meal-delivery/
485,"Columbia, SC",https://www.freshnlean.com/locations/columbia-vegan-meal-delivery/
486,"Columbus, OH",https://www.freshnlean.com/locations/columbus-healthy-meal-delivery/
487,"Corpus Christi, TX",https://www.freshnlean.com/locations/corpus-christi-meal-delivery/
488,"Dallas, TX",https://www.freshnlean.com/locations/dallas-meal-delivery/
489,"Dayton, OH",https://www.freshnlean.com/locations/dayton-meal-delivery/
490,"Denver, CO",https://www.freshnlean.com/locations/denver-healthy-meal-delivery/
491,"Des Moines, IA",https://www.freshnlean.com/locations/des-moines-meal-delivery/
492,"Detroit, MI",https://www.freshnlean.com/locations/detroit-meal-delivery/
493,"Durham, NC",https://www.freshnlean.com/locations/durham-meal-delivery/
494,"El Paso, TX",https://www.freshnlean.com/locations/el-paso-meal-delivery/
495,"Fayetteville, NC",https://www.freshnlean.com/locations/fayetteville-meal-delivery/
496,"Fort Collins, CO",https://www.freshnlean.com/locations/fort-collins-vegan-meal-delivery/
497,"Fort Lauderdale, FL",https://www.freshnlean.com/locations/fort-lauderdale-meal-delivery/
498,"Fort Worth, TX",https://www.freshnlean.com/locations/fort-worth-meal-delivery/
499,"Fresno, CA",https://www.freshnlean.com/locations/fresno-meal-delivery/
500,"Grand Rapids, MI",https://www.freshnlean.com/locations/grand-rapids-meal-delivery/
501,"Greensboro, NC",https://www.freshnlean.com/locations/greensboro-meal-delivery/
502,"Honolulu, HI",https://www.freshnlean.com/locations/honolulu-meal-delivery/
503,"Houston, TX",https://www.freshnlean.com/locations/houston-healthy-meal-delivery/
504,"Huntington Beach, CA",https://www.freshnlean.com/locations/huntington-beach-meal-delivery/
505,"Huntsville, AL",https://www.freshnlean.com/locations/huntsville-meal-delivery/
506,"Indianapolis, IN",https://www.freshnlean.com/locations/indianapolis-meal-delivery/
507,"Irvine, CA",https://www.freshnlean.com/locations/irvine-meal-delivery/
508,"Jackson, MS",https://www.freshnlean.com/locations/jackson-meal-delivery/
509,"Jacksonville, FL",https://www.freshnlean.com/locations/jacksonville-meal-delivery/
510,"Jersey City, NJ",https://www.freshnlean.com/locations/jersey-city-meal-delivery/
511,"Kansas City, MO",https://www.freshnlean.com/locations/kansas-city-meal-delivery/
512,"Knoxville, TN",https://www.freshnlean.com/locations/knoxville-meal-delivery/
513,"Las Vegas, NV",https://www.freshnlean.com/locations/las-vegas-meal-delivery/
514,"Lexington, KY",https://www.freshnlean.com/locations/lexington-meal-delivery/
515,"Little Rock, AR",https://www.freshnlean.com/locations/little-rock-meal-delivery/
516,"Long Beach, CA",https://www.freshnlean.com/locations/long-beach-meal-delivery/
517,"Los Angeles, CA",https://www.freshnlean.com/locations/los-angeles-healthy-meal-delivery/
518,"Louisville, KY",https://www.freshnlean.com/locations/louisville-meal-delivery/
519,"Lubbock, TX",https://www.freshnlean.com/locations/lubbock-meal-delivery/
520,"Madison, WI",https://www.freshnlean.com/locations/madison-meal-delivery/
521,"Memphis, TN",https://www.freshnlean.com/locations/memphis-healthy-meal-delivery/
522,"Miami, FL",https://www.freshnlean.com/locations/miami-meal-delivery/
523,"Milwaukee, WI",https://www.freshnlean.com/locations/milwaukee-meal-delivery/
524,"Minneapolis, MN",https://www.freshnlean.com/locations/minneapolis-meal-delivery/
525,"Modesto, CA",https://www.freshnlean.com/locations/modesto-meal-delivery/
526,"Nashville, TN",https://www.freshnlean.com/locations/nashville-healthy-meal-delivery/
527,"New Orleans, LA",https://www.freshnlean.com/locations/new-orleans-meal-delivery/
528,"New York, NY",https://www.freshnlean.com/locations/new-york-diet-meal-delivery/
529,"Newport News, VA",https://www.freshnlean.com/locations/newport-news-meal-delivery/
530,"Oakland, CA",https://www.freshnlean.com/locations/oakland-meal-delivery/
531,"Oceanside, CA",https://www.freshnlean.com/locations/oceanside-meal-delivery/
532,"Oklahoma City, OK",https://www.freshnlean.com/locations/oklahoma-city-meal-delivery/
533,"Omaha, NE",https://www.freshnlean.com/locations/omaha-meal-delivery/
534,"Orlando, FL",https://www.freshnlean.com/locations/orlando-meal-delivery/
535,"Overland Park, KS",https://www.freshnlean.com/locations/overland-park-meal-delivery/
536,"Oxnard, CA",https://www.freshnlean.com/locations/oxnard-meal-delivery/
537,"Philadelphia, PA",https://www.freshnlean.com/locations/philadelphia-meal-delivery/
538,"Phoenix, AZ",https://www.freshnlean.com/locations/phoenix-meal-delivery/
539,"Pittsburgh, PA",https://www.freshnlean.com/locations/pittsburgh-meal-delivery/
540,"Portland, OR",https://www.freshnlean.com/locations/portland-meal-delivery/
541,"Providence, RI",https://www.freshnlean.com/locations/providence-meal-delivery/
542,"Raleigh, NC",https://www.freshnlean.com/locations/raleigh-meal-delivery/
543,"Rancho Cucamonga, CA",https://www.freshnlean.com/locations/rancho-cucamonga-meal-delivery/
544,"Reno, NV",https://www.freshnlean.com/locations/reno-meal-delivery/
545,"Richmond, VA",https://www.freshnlean.com/locations/richmond-meal-delivery/
546,"Riverside, CA",https://www.freshnlean.com/locations/riverside-meal-delivery/
547,"Rochester, NY",https://www.freshnlean.com/locations/rochester-meal-delivery/
548,"Sacramento, CA",https://www.freshnlean.com/locations/sacramento-meal-delivery/
549,"Salt Lake City, UT",https://www.freshnlean.com/locations/salt-lake-city-meal-delivery/
550,"San Antonio, TX",https://www.freshnlean.com/locations/san-antonio-meal-delivery/
551,"San Diego, CA",https://www.freshnlean.com/locations/san-diego-healthy-meal-delivery/
552,"San Francisco, CA",https://www.freshnlean.com/locations/san-francisco-meal-delivery/
553,"San Jose, CA",https://www.freshnlean.com/locations/san-jose-meal-delivery/
554,"Santa Clarita, CA",https://www.freshnlean.com/locations/santa-clarita-meal-delivery/
555,"Santa Rosa, CA",https://www.freshnlean.com/locations/santa-rosa-meal-delivery/
556,"Scottsdale, AZ",https://www.freshnlean.com/locations/scottsdale-meal-delivery/
557,"Seattle, WA",https://www.freshnlean.com/locations/seattle-healthy-meal-delivery/
558,"Spokane, WA",https://www.freshnlean.com/locations/spokane-meal-delivery/
559,"St. Louis, MO",https://www.freshnlean.com/locations/st-louis-meal-delivery/
560,"Stockton, CA",https://www.freshnlean.com/locations/stockton-meal-delivery/
561,"Tacoma, WA",https://www.freshnlean.com/locations/tacoma-meal-delivery/
562,"Tallahassee, FL",https://www.freshnlean.com/locations/tallahassee-meal-delivery/
563,"Tampa, FL",https://www.freshnlean.com/locations/tampa-meal-delivery/
564,"Tucson, AZ",https://www.freshnlean.com/locations/tucson-meal-delivery/
565,"Tulsa, OK",https://www.freshnlean.com/locations/tulsa-meal-delivery/
566,"Virginia Beach, VA",https://www.freshnlean.com/locations/virginia-beach-meal-delivery/
567,"Washington, D.C.",https://www.freshnlean.com/locations/washington-dc-meal-delivery/
568,"Wichita, KS",https://www.freshnlean.com/locations/wichita-meal-delivery/
569,"Worcester, MA",https://www.freshnlean.com/locations/worcester-meal-delivery/
